{
  "run": "baseline",
  "drop_cols": [],
  "val_05_cm": [
    [
      38167,
      0
    ],
    [
      17,
      49983
    ]
  ],
  "test_05_cm": [
    [
      1953,
      31928
    ],
    [
      40,
      30453
    ]
  ],
  "testA_cm": [
    [
      1953,
      31928
    ],
    [
      40,
      30453
    ]
  ],
  "testB_cm": [
    [
      24750,
      9131
    ],
    [
      20312,
      10181
    ]
  ],
  "top20_importance": [
    [
      "Support Calls",
      22.43577873363173
    ],
    [
      "Total Spend",
      16.880517157897312
    ],
    [
      "Age",
      16.827431003333924
    ],
    [
      "Contract Length",
      10.719999703548579
    ],
    [
      "Payment Delay",
      9.929973447448953
    ],
    [
      "Last Interaction",
      7.685764129590224
    ],
    [
      "Gender",
      7.662969590037803
    ],
    [
      "Tenure",
      4.981357207348349
    ],
    [
      "Usage Frequency",
      2.607448404698414
    ],
    [
      "Subscription Type",
      0.26876062246467386
    ]
  ]
}