{
  "val_at_0.5": [
    [
      38167,
      0
    ],
    [
      17,
      49983
    ]
  ],
  "test_at_0.5": [
    [
      1953,
      31928
    ],
    [
      40,
      30453
    ]
  ],
  "test_A_val_f1": [
    [
      1953,
      31928
    ],
    [
      40,
      30453
    ]
  ],
  "test_B_topk": [
    [
      24750,
      9131
    ],
    [
      20312,
      10181
    ]
  ],
  "threshold_A": 0.19313131313131313,
  "threshold_B": 0.999999770904546,
  "topk_rate": 0.3
}