{
  "run": "drop_payment_delay",
  "drop_cols": [
    "Payment Delay"
  ],
  "val_05_cm": [
    [
      38167,
      0
    ],
    [
      1306,
      48694
    ]
  ],
  "test_05_cm": [
    [
      3018,
      30863
    ],
    [
      80,
      30413
    ]
  ],
  "testA_cm": [
    [
      2865,
      31016
    ],
    [
      70,
      30423
    ]
  ],
  "testB_cm": [
    [
      26378,
      7503
    ],
    [
      18684,
      11809
    ]
  ],
  "top20_importance": [
    [
      "Support Calls",
      23.66126318495082
    ],
    [
      "Total Spend",
      21.417637033108505
    ],
    [
      "Age",
      18.578574189906668
    ],
    [
      "Contract Length",
      17.26769805852983
    ],
    [
      "Gender",
      6.99870448010497
    ],
    [
      "Last Interaction",
      6.920487683541594
    ],
    [
      "Tenure",
      3.23952131233253
    ],
    [
      "Usage Frequency",
      1.7843009308699285
    ],
    [
      "Subscription Type",
      0.13181312665517014
    ]
  ]
}