{
  "run": "drop_support_calls",
  "drop_cols": [
    "Support Calls"
  ],
  "val_05_cm": [
    [
      38165,
      2
    ],
    [
      3995,
      46005
    ]
  ],
  "test_05_cm": [
    [
      4876,
      29005
    ],
    [
      1300,
      29193
    ]
  ],
  "testA_cm": [
    [
      4873,
      29008
    ],
    [
      1297,
      29196
    ]
  ],
  "testB_cm": [
    [
      25339,
      8542
    ],
    [
      19723,
      10770
    ]
  ],
  "top20_importance": [
    [
      "Total Spend",
      21.928580229082886
    ],
    [
      "Contract Length",
      18.932895239667484
    ],
    [
      "Age",
      15.228734708826458
    ],
    [
      "Payment Delay",
      14.002837541898941
    ],
    [
      "Gender",
      10.990348178688981
    ],
    [
      "Last Interaction",
      10.209538132059851
    ],
    [
      "Tenure",
      5.481732378776643
    ],
    [
      "Usage Frequency",
      2.7570066232731043
    ],
    [
      "Subscription Type",
      0.4683269677256333
    ]
  ]
}