{
  "run": "drop_subscription_type",
  "drop_cols": [
    "Subscription Type"
  ],
  "val_05_cm": [
    [
      38167,
      0
    ],
    [
      80,
      49920
    ]
  ],
  "test_05_cm": [
    [
      1995,
      31886
    ],
    [
      51,
      30442
    ]
  ],
  "testA_cm": [
    [
      1995,
      31886
    ],
    [
      51,
      30442
    ]
  ],
  "testB_cm": [
    [
      25658,
      8223
    ],
    [
      19404,
      11089
    ]
  ],
  "top20_importance": [
    [
      "Support Calls",
      22.16142487496737
    ],
    [
      "Age",
      16.80890863870456
    ],
    [
      "Total Spend",
      16.438774793147555
    ],
    [
      "Contract Length",
      11.021083336452401
    ],
    [
      "Payment Delay",
      10.080924240419582
    ],
    [
      "Last Interaction",
      7.754687569357154
    ],
    [
      "Gender",
      7.711638785413177
    ],
    [
      "Tenure",
      5.246874720012882
    ],
    [
      "Usage Frequency",
      2.775683041525307
    ]
  ]
}