{
  "run": "drop_gender",
  "drop_cols": [
    "Gender"
  ],
  "val_05_cm": [
    [
      38167,
      0
    ],
    [
      854,
      49146
    ]
  ],
  "test_05_cm": [
    [
      2653,
      31228
    ],
    [
      53,
      30440
    ]
  ],
  "testA_cm": [
    [
      2613,
      31268
    ],
    [
      49,
      30444
    ]
  ],
  "testB_cm": [
    [
      26599,
      7282
    ],
    [
      18463,
      12030
    ]
  ],
  "top20_importance": [
    [
      "Support Calls",
      23.09802985439677
    ],
    [
      "Total Spend",
      20.84799312282226
    ],
    [
      "Age",
      20.278467573792664
    ],
    [
      "Contract Length",
      14.886098096146243
    ],
    [
      "Payment Delay",
      11.70655667580519
    ],
    [
      "Tenure",
      5.049122188016164
    ],
    [
      "Usage Frequency",
      2.7101641916007884
    ],
    [
      "Last Interaction",
      1.1670323355425531
    ],
    [
      "Subscription Type",
      0.25653596187735495
    ]
  ]
}