{
  "run": "drop_contract_length",
  "drop_cols": [
    "Contract Length"
  ],
  "val_05_cm": [
    [
      38167,
      0
    ],
    [
      1078,
      48922
    ]
  ],
  "test_05_cm": [
    [
      2889,
      30992
    ],
    [
      40,
      30453
    ]
  ],
  "testA_cm": [
    [
      2875,
      31006
    ],
    [
      40,
      30453
    ]
  ],
  "testB_cm": [
    [
      25979,
      7902
    ],
    [
      19083,
      11410
    ]
  ],
  "top20_importance": [
    [
      "Support Calls",
      23.086813163171314
    ],
    [
      "Total Spend",
      21.6753638464415
    ],
    [
      "Age",
      19.809427728082593
    ],
    [
      "Payment Delay",
      13.630934828527499
    ],
    [
      "Gender",
      7.974228285264077
    ],
    [
      "Last Interaction",
      7.79965212140859
    ],
    [
      "Tenure",
      3.7513153726838366
    ],
    [
      "Usage Frequency",
      2.06227364765192
    ],
    [
      "Subscription Type",
      0.20999100676863672
    ]
  ]
}