{
  "run": "drop_contract_and_sub",
  "drop_cols": [
    "Contract Length",
    "Subscription Type"
  ],
  "val_05_cm": [
    [
      38167,
      0
    ],
    [
      1162,
      48838
    ]
  ],
  "test_05_cm": [
    [
      2952,
      30929
    ],
    [
      59,
      30434
    ]
  ],
  "testA_cm": [
    [
      2948,
      30933
    ],
    [
      59,
      30434
    ]
  ],
  "testB_cm": [
    [
      25956,
      7925
    ],
    [
      19106,
      11387
    ]
  ],
  "top20_importance": [
    [
      "Support Calls",
      23.41408379224515
    ],
    [
      "Age",
      21.029955683073364
    ],
    [
      "Total Spend",
      19.66499278905646
    ],
    [
      "Payment Delay",
      12.61587978297387
    ],
    [
      "Gender",
      8.39896725144474
    ],
    [
      "Last Interaction",
      8.150911441526446
    ],
    [
      "Tenure",
      4.237457688110915
    ],
    [
      "Usage Frequency",
      2.487751571569043
    ]
  ]
}