{
  "run": "drop_total_spend",
  "drop_cols": [
    "Total Spend"
  ],
  "val_05_cm": [
    [
      38167,
      0
    ],
    [
      1826,
      48174
    ]
  ],
  "test_05_cm": [
    [
      3486,
      30395
    ],
    [
      134,
      30359
    ]
  ],
  "testA_cm": [
    [
      3484,
      30397
    ],
    [
      134,
      30359
    ]
  ],
  "testB_cm": [
    [
      26140,
      7741
    ],
    [
      18922,
      11571
    ]
  ],
  "top20_importance": [
    [
      "Support Calls",
      23.311284462018726
    ],
    [
      "Age",
      21.734435012165044
    ],
    [
      "Contract Length",
      18.623596803428168
    ],
    [
      "Payment Delay",
      13.81582854125892
    ],
    [
      "Gender",
      8.494054520849845
    ],
    [
      "Last Interaction",
      8.3437184091557
    ],
    [
      "Tenure",
      3.472401087551282
    ],
    [
      "Usage Frequency",
      1.8999008194094087
    ],
    [
      "Subscription Type",
      0.30478034416286925
    ]
  ]
}