{
  "drop_features": [
    "Total Spend"
  ],
  "raw_test_proba_quantiles": {
    "0": 0.038126939469354776,
    "0.01": 0.04411776434972114,
    "0.05": 0.0626656976714124,
    "0.1": 0.9945385600573363,
    "0.25": 0.9998927764839471,
    "0.5": 0.9999807019739856,
    "0.75": 0.9999937152629066,
    "0.9": 0.9999976537592912,
    "0.95": 0.9999991769866627,
    "0.99": 0.999999809325915,
    "1.0": 0.9999999915728891
  },
  "cal_test_proba_quantiles": {
    "0": 0.039221263697121804,
    "0.01": 0.04183437019139332,
    "0.05": 0.05101965622759292,
    "0.1": 0.9994653237449175,
    "0.25": 0.9994964851237069,
    "0.5": 0.9994969814001833,
    "0.75": 0.9994970548093421,
    "0.9": 0.9994970770246514,
    "0.95": 0.9994970856162377,
    "0.99": 0.9994970891828303,
    "1.0": 0.9994970902107561
  },
  "raw_test_at_0.5": {
    "threshold": 0.5,
    "pred_pos_rate": 0.9437661167552117,
    "accuracy": 0.5257557398949887,
    "precision": 0.49970372321164036,
    "recall": 0.995605548814482,
    "f1": 0.6654246166997271,
    "roc_auc": 0.6859915568129288,
    "confusion_matrix": [
      [
        3486,
        30395
      ],
      [
        134,
        30359
      ]
    ]
  },
  "cal_test_at_0.5": {
    "threshold": 0.5,
    "pred_pos_rate": 0.9437971851989934,
    "accuracy": 0.525724671451207,
    "precision": 0.49968727368490357,
    "recall": 0.995605548814482,
    "f1": 0.6654100318907604,
    "roc_auc": 0.6859915577808581,
    "confusion_matrix": [
      [
        3484,
        30397
      ],
      [
        134,
        30359
      ]
    ]
  },
  "testA": {
    "threshold": 0.4307070707070707,
    "pred_pos_rate": 0.9437971851989934,
    "accuracy": 0.525724671451207,
    "precision": 0.49968727368490357,
    "recall": 0.995605548814482,
    "f1": 0.6654100318907604,
    "roc_auc": 0.6859915577808581,
    "confusion_matrix": [
      [
        3484,
        30397
      ],
      [
        134,
        30359
      ]
    ]
  },
  "testB": {
    "threshold": 0.9994970451503359,
    "pred_pos_rate": 0.29999689315562184,
    "accuracy": 0.58581104172492,
    "precision": 0.5991611433305717,
    "recall": 0.3794641393106615,
    "f1": 0.4646521433591005,
    "roc_auc": 0.6859915577808581,
    "confusion_matrix": [
      [
        26140,
        7741
      ],
      [
        18922,
        11571
      ]
    ]
  },
  "threshold_A": 0.4307070707070707,
  "threshold_B": 0.9994970451503359,
  "topk_rate": 0.3
}